CHR,SNP,BP,A1,A2,SNPVAR,MAF,N,Z,P,PIP,BETA_MEAN,BETA_SD,DISTANCE_FROM_CENTER,CREDIBLE_SET,PHENO
5,rs115209326,131008584,T,C,4.98E-08,3.50E-03,389669,-4.89E+00,1.02E-06,7.19E-01,-5.71E-03,3.80E-03,174135,1,ALT
12,rs10773086,124859244,T,G,3.22E-08,2.54E-01,440138,-5.37E+00,8.02E-08,8.70E-01,-1.24E-02,4.99E-03,965362,1,ALT
17,rs17138478,36073320,A,C,2.49E-07,1.60E-01,440138,-9.64E+00,5.27E-22,1.00E+00,-1.50E-02,1.56E-03,97543,1,ALT
21,rs2229742,16339172,C,G,2.31E-07,1.04E-01,389669,6.31E+00,2.71E-10,9.81E-01,9.61E-03,2.04E-03,2474,1,ALT
17,rs1801690,64208285,G,C,2.62E-07,5.66E-02,422281,4.86E+00,1.15E-06,7.40E-01,5.90E-03,3.76E-03,2240,2,ALT
11,rs72970792,93880832,T,C,2.66E-08,1.13E-01,440138,-1.91E+01,2.67E-81,8.31E-01,-2.23E-02,1.02E-02,16472,2,ALT
4,rs7700107,17880416,C,A,3.53E-08,1.59E-01,440138,7.33E+00,2.25E-13,5.86E-01,5.96E-03,5.15E-03,383,1,ALT
1,rs599839,109822166,A,G,3.03E-08,2.20E-01,440138,6.29E+00,3.14E-10,6.48E-01,6.93E-03,5.26E-03,111,2,ALT
16,rs217184,72105965,C,T,9.00E-09,1.96E-01,400730,-1.03E+01,6.48E-25,1.00E+00,-1.70E-02,1.56E-03,72,1,ALT
1,rs6695321,196675861,G,A,9.00E-09,4.16E-01,440138,6.48E+00,9.41E-11,9.92E-01,1.06E-02,1.81E-03,340,1,ALT
11,rs16920014,93926457,G,T,9.00E-09,9.61E-02,440138,-1.21E+01,1.08E-33,6.33E-01,-1.18E-02,9.07E-03,113,3,ALT
9,rs542890435,132249683,G,GTGCA,2.39E-07,3.06E-01,440138,6.27E+00,3.55E-10,5.63E-01,5.52E-03,5.01E-03,14,2,ALT
3,rs2249407,12494794,A,C,9.00E-09,4.50E-01,440138,5.38E+00,7.41E-08,9.97E-01,1.01E-02,1.63E-03,98238,1,ALT
5,5:131134411_GGAA_G,131134411,GGAA,G,2.96E-07,9.17E-02,440138,-5.74E+00,9.65E-09,6.39E-01,-5.49E-03,4.32E-03,48308,2,ALT
2,rs66927685,169931266,T,TGAACCTTAGAGACTGAAGAA,3.56E-08,4.54E-01,440138,-9.65E+00,4.92E-22,8.16E-01,-1.07E-02,5.25E-03,75,2,ALT
7,rs836472,6434904,A,G,5.20E-08,3.27E-01,440138,6.36E+00,1.97E-10,5.44E-01,5.41E-03,5.09E-03,26641,1,ALT
14,rs17580,94847262,A,T,1.71E-07,4.88E-02,389669,5.86E+00,4.71E-09,9.84E-01,9.66E-03,1.98E-03,2241,2,ALT
15,rs633295,40762842,C,T,2.70E-07,2.82E-01,440138,-2.38E+00,1.75E-02,7.21E-01,-5.56E-03,3.71E-03,377804,4,ALT
12,rs3184504,111884608,C,T,3.52E-07,4.82E-01,389669,-1.16E+01,5.78E-31,9.57E-01,-1.48E-02,3.50E-03,40,1,ALT
4,rs11727676,145659064,C,T,9.00E-09,9.60E-02,389669,7.25E+00,4.17E-13,8.83E-01,9.45E-03,3.74E-03,330,3,ALT
14,rs8017377,24883887,A,G,3.44E-07,4.62E-01,440138,8.43E+00,3.50E-17,7.25E-01,8.88E-03,5.62E-03,12475,1,ALT
5,rs4074793,52193125,G,A,9.00E-09,7.36E-02,440138,7.16E+00,8.19E-13,8.92E-01,9.38E-03,3.58E-03,95,1,ALT
11,rs138436783,93862685,G,A,4.09E-08,2.29E-02,389669,1.14E+01,7.25E-30,1.00E+00,1.29E-02,1.55E-03,193,1,ALT
9,rs7018885,95892726,C,T,9.00E-09,2.51E-01,440138,-8.78E+00,1.60E-18,9.95E-01,-1.26E-02,1.78E-03,51,1,ALT
9,rs7041363,117146043,G,C,9.00E-09,4.84E-01,440138,-2.41E+01,8.35E-128,9.71E-01,-3.86E-02,6.85E-03,13,1,ALT
7,rs45619531,87104588,G,C,4.66E-08,1.26E-02,389669,-5.16E+00,2.50E-07,9.94E-01,-9.10E-03,1.69E-03,7070,3,ALT
9,rs550478926,117085186,G,C,7.11E-07,8.21E-02,389669,-2.00E+00,4.55E-02,9.81E-01,-1.16E-02,2.24E-03,13399,2,ALT
8,rs4871844,22879734,C,T,2.56E-08,3.50E-01,440138,5.90E+00,3.53E-09,8.85E-01,8.31E-03,3.34E-03,42,2,ALT
11,rs2511241,72945341,T,C,9.00E-09,7.74E-02,429077,-7.34E+00,2.10E-13,1.00E+00,-1.05E-02,1.55E-03,40,1,ALT
8,rs1050969,103661730,C,T,1.02E-07,1.83E-02,389669,-4.25E+00,2.11E-05,9.98E-01,-8.49E-03,1.59E-03,1139,1,ALT
9,rs68082079,112077530,C,T,4.66E-08,3.06E-01,440138,-7.19E+00,6.46E-13,5.83E-01,-6.40E-03,5.55E-03,34,1,ALT
4,rs13108218,3443931,G,A,9.82E-08,3.90E-01,440138,-7.05E+00,1.79E-12,9.81E-01,-9.69E-03,2.05E-03,156219,1,ALT
1,rs114165349,27021913,C,G,1.52E-07,2.35E-02,389669,1.24E+01,4.47E-35,9.92E-01,1.91E-02,2.30E-03,128,1,ALT
10,rs2274224,96039597,C,G,6.99E-07,4.50E-01,440138,-5.70E+00,1.20E-08,7.69E-01,-6.75E-03,3.96E-03,23832,1,ALT
11,rs7481951,22271870,T,A,4.39E-08,4.40E-01,429077,7.48E+00,7.65E-14,8.58E-01,1.05E-02,4.50E-03,94,1,ALT
10,rs41318029,101590486,A,G,2.88E-08,1.77E-02,389669,9.74E+00,2.09E-22,9.65E-01,1.18E-02,2.72E-03,26673,1,ALT
2,rs72623176,169834370,A,G,4.05E-08,1.91E-01,440138,9.28E+00,1.66E-20,9.97E-01,1.50E-02,1.74E-03,687,1,ALT
17,rs1801689,64210580,C,A,1.21E-07,2.98E-02,389669,1.16E+01,2.94E-31,8.84E-01,1.61E-02,6.03E-03,55,1,ALT
2,rs6755828,112787215,C,G,1.93E-07,7.13E-02,389669,-5.71E+00,1.15E-08,5.73E-01,-5.02E-03,4.49E-03,24335,1,ALT
10,rs36018485,103581114,C,T,7.95E-08,1.11E-01,440138,4.73E+00,2.28E-06,7.64E-01,6.18E-03,3.69E-03,1490192,3,ALT
17,rs12944385,78357600,G,A,9.00E-09,1.26E-02,389669,-4.91E+00,8.88E-07,8.75E-01,-7.12E-03,3.06E-03,1122881,0,ALT
3,rs62272018,149189267,C,T,8.42E-08,8.10E-03,440138,6.70E+00,2.02E-11,5.68E-01,5.14E-03,4.64E-03,1284,4,ALT
5,rs10075805,31021358,G,A,3.45E-08,2.70E-01,440138,-1.30E+01,6.79E-39,1.00E+00,-2.37E-02,1.61E-03,214,1,ALT
1,rs12904,155106697,A,G,2.74E-07,4.46E-01,440138,-1.31E+01,1.87E-39,5.41E-01,-1.22E-02,1.13E-02,201,2,ALT
12,rs1047912,51138862,T,C,5.12E-08,2.89E-01,440138,-7.91E+00,2.59E-15,8.91E-01,-1.15E-02,4.28E-03,380,2,ALT
8,rs55776530,145733234,A,G,2.18E-07,4.18E-01,389669,1.08E+01,5.20E-27,1.00E+00,2.36E-02,1.55E-03,244593,2,ALT
9,rs7029757,132566666,A,G,2.91E-07,9.42E-02,429077,-7.56E+00,4.07E-14,1.00E+00,-1.14E-02,1.57E-03,317,1,ALT
8,rs142941118,145786948,A,G,9.00E-09,5.40E-03,389669,-8.24E+00,1.78E-16,8.76E-01,-1.03E-02,4.15E-03,298307,8,ALT
20,rs438568,12958687,G,A,8.66E-08,3.97E-01,440138,-8.50E+00,1.90E-17,5.16E-01,-6.74E-03,6.63E-03,439,1,ALT
17,17:73507993_GC_G,73507993,GC,G,6.14E-07,3.02E-01,440138,-5.77E+00,7.80E-09,8.55E-01,-7.05E-03,3.24E-03,271189,2,ALT
1,rs28384811,2160390,G,C,4.26E-07,7.21E-02,400730,7.78E+00,7.22E-15,8.56E-01,1.00E-02,4.37E-03,16177,3,ALT
6,rs115675705,34094919,G,A,9.00E-09,3.81E-02,389669,4.91E+00,9.15E-07,7.27E-01,5.32E-03,3.53E-03,39286,1,ALT
10,rs11188888,98456557,T,C,1.89E-07,3.21E-01,440138,7.59E+00,3.18E-14,9.99E-01,1.33E-02,1.59E-03,400,1,ALT
2,rs13413479,202012578,A,G,3.56E-08,1.46E-01,440138,5.14E+00,2.78E-07,6.95E-01,8.64E-03,5.87E-03,171315,1,ALT
8,rs3757965,145747597,A,G,3.77E-08,3.78E-01,429077,-8.10E-01,4.18E-01,9.99E-01,-1.32E-02,1.61E-03,258956,6,ALT
3,rs547771037,172288391,T,C,9.00E-09,3.10E-03,389669,7.63E-01,4.45E-01,7.43E-01,6.52E-03,4.06E-03,5835,3,ALT
18,rs17749561,60783211,A,G,9.74E-08,9.70E-02,389669,5.72E+00,1.05E-08,5.53E-01,4.55E-03,4.26E-03,63015,2,ALT
15,rs588739,40385088,G,C,2.70E-08,4.20E-01,440138,7.65E+00,2.01E-14,8.95E-01,8.79E-03,3.36E-03,50,3,ALT
11,rs138943719,21960729,T,A,9.00E-09,3.10E-03,389669,5.40E+00,6.55E-08,7.52E-01,6.78E-03,4.12E-03,311235,2,ALT
6,rs851969,151979248,G,A,1.72E-07,2.55E-01,440138,-4.61E+00,4.05E-06,5.19E-01,-3.75E-03,3.79E-03,1064061,0,ALT
10,rs112385175,114711672,C,CT,1.89E-07,4.82E-01,440138,-4.50E+00,6.80E-06,5.31E-01,-3.78E-03,3.73E-03,720450,0,ALT
19,rs59372292,8546138,T,C,4.72E-08,2.76E-01,440138,5.52E+00,3.36E-08,5.24E-01,4.60E-03,4.53E-03,573513,3,ALT
1,rs1497406,16505320,G,A,2.17E-07,4.01E-01,440138,1.78E+01,7.07E-71,9.99E-01,2.95E-02,1.77E-03,591,1,ALT
7,rs113364328,28255530,A,AAAAC,9.00E-09,2.24E-01,440138,-9.12E+00,7.84E-20,8.32E-01,-1.74E-02,7.93E-03,17,1,ALT
6,rs13202307,42845795,A,G,1.72E-07,5.74E-02,389669,-5.71E+00,1.12E-08,8.87E-01,-6.66E-03,2.79E-03,96393,0,ALT
13,13:33924133_CGCCCGGGGGCA_C,33924133,CGCCCGGGGGCA,C,2.78E-07,2.11E-01,440138,-4.50E+00,6.80E-06,8.70E-01,-6.10E-03,2.78E-03,778059,0,ALT
15,rs8039188,90709197,A,G,2.41E-07,3.01E-01,440138,5.05E+00,4.47E-07,5.97E-01,5.12E-03,4.38E-03,364930,3,ALT
1,rs140584594,110232983,G,A,2.38E-07,2.69E-01,389669,8.58E+00,9.22E-18,1.00E+00,1.44E-02,1.56E-03,125,1,ALT
5,rs6879279,106878792,C,G,1.63E-07,1.48E-01,440138,-6.64E+00,3.08E-11,9.95E-01,-1.11E-02,1.74E-03,313,1,ALT
21,rs235314,46271452,T,C,1.54E-07,4.86E-01,440138,-7.40E+00,1.36E-13,7.46E-01,-8.55E-03,5.17E-03,2689,1,ALT
12,rs76895963,4384844,G,T,9.00E-09,1.93E-02,389669,-6.92E+00,4.45E-12,1.00E+00,-8.83E-03,1.42E-03,419,1,ALT
3,rs5852449,124927668,C,A,1.21E-08,3.87E-01,440138,7.55E+00,4.35E-14,6.26E-01,7.60E-03,6.00E-03,63,3,ALT
17,rs117643180,7185779,A,C,1.21E-07,2.61E-02,389669,9.45E+00,3.25E-21,1.00E+00,1.43E-02,1.55E-03,154,1,ALT
22,rs2000469,24245292,G,A,1.79E-07,3.84E-01,440138,-6.50E+00,8.03E-11,9.44E-01,-9.51E-03,2.76E-03,72,1,ALT
16,rs4782568,83980529,G,C,3.22E-08,4.85E-01,440138,-1.05E+01,8.64E-26,9.99E-01,-1.91E-02,1.66E-03,64,1,ALT
19,rs429358,45411941,C,T,3.00E-07,1.50E-01,440138,-1.38E+01,1.90E-43,1.00E+00,-2.38E-02,1.57E-03,47,1,ALT
7,rs2071645,87105276,C,G,3.15E-07,1.93E-01,435400,-1.30E+01,1.22E-38,9.74E-01,-2.09E-02,3.77E-03,6382,1,ALT
18,rs12968116,55322502,T,C,3.10E-07,1.25E-01,389669,-1.12E+01,6.69E-29,8.26E-01,-1.44E-02,6.75E-03,3587,1,ALT
5,rs10064506,132381340,A,C,9.00E-09,2.82E-01,440138,-6.86E+00,6.71E-12,7.28E-01,-1.09E-02,6.81E-03,128,3,ALT
7,rs13235543,73013901,T,C,1.06E-07,1.27E-01,440138,8.69E+00,3.63E-18,7.63E-01,9.96E-03,5.71E-03,25845,3,ALT
8,rs73545546,21917222,C,T,1.65E-07,1.56E-01,440138,7.39E+00,1.44E-13,6.45E-01,7.47E-03,5.69E-03,1001,1,ALT
2,rs4245791,44074431,T,C,1.57E-07,3.24E-01,429077,7.18E+00,6.88E-13,8.28E-01,8.10E-03,3.95E-03,2037,1,ALT
7,rs533062860,73098933,T,TA,1.06E-07,4.37E-01,400730,6.14E+00,8.10E-10,7.69E-01,5.36E-03,3.24E-03,9030,0,ALT
5,rs141037709,132089825,C,CT,1.74E-08,1.52E-02,389669,4.76E+00,1.98E-06,5.79E-01,4.17E-03,3.75E-03,291643,0,ALT
1,rs41264285,155033918,T,C,5.38E-08,2.21E-01,389669,3.24E+00,1.20E-03,8.18E-01,6.78E-03,3.49E-03,64495,1,ALT
14,rs12147688,20939589,T,G,1.63E-07,2.51E-01,440138,6.00E+00,1.97E-09,6.22E-01,5.79E-03,4.69E-03,7367,1,ALT
8,rs151277227,145692247,A,G,7.39E-08,5.50E-03,389669,-6.95E+00,3.63E-12,9.92E-01,-1.07E-02,1.82E-03,203606,4,ALT
13,rs627527,110915135,A,G,1.59E-07,4.34E-01,440138,-6.05E+00,1.45E-09,9.91E-01,-9.26E-03,1.78E-03,30753,1,ALT
12,rs60140950,21028208,C,G,3.52E-07,1.47E-01,389669,8.97E+00,3.06E-19,7.33E-01,1.04E-02,6.42E-03,4,1,ALT
6,rs1800562,26093141,A,G,3.62E-07,7.80E-02,389669,6.00E+00,1.97E-09,8.50E-01,6.56E-03,3.12E-03,552,1,ALT
9,rs527210,136146431,T,C,9.00E-09,3.21E-01,400730,1.14E+01,3.77E-30,9.36E-01,1.94E-02,5.29E-03,22,1,ALT
17,rs4790976,65417240,C,G,5.72E-08,4.00E-01,440138,3.57E+00,3.55E-04,5.62E-01,4.01E-03,3.73E-03,415684,0,ALT
19,rs56113850,41353107,C,T,6.35E-08,4.22E-01,389669,7.57E+00,3.69E-14,9.99E-01,1.15E-02,1.60E-03,140,1,ALT
1,rs188273166,220101499,A,G,7.21E-08,1.20E-03,389669,9.79E+00,1.22E-22,1.00E+00,1.59E-02,1.55E-03,46,2,ALT
7,rs445,92408370,T,C,5.20E-08,1.57E-01,429077,1.14E+01,7.00E-30,1.00E+00,1.85E-02,1.55E-03,9,1,ALT
11,rs17358295,34653771,G,T,3.37E-07,1.01E-01,440138,-5.91E+00,3.44E-09,9.59E-01,-6.69E-03,1.94E-03,19,1,ALT
18,rs4503880,56084054,C,T,7.33E-08,1.96E-01,440138,-1.57E+01,1.10E-55,8.72E-01,-1.94E-02,7.56E-03,2,2,ALT
8,rs528918911,144702141,A,G,9.00E-09,2.40E-03,389669,-7.45E+00,9.08E-14,1.00E+00,-1.22E-02,1.55E-03,439,5,ALT
10,rs603424,102075479,A,G,9.00E-09,1.62E-01,440138,-7.78E-01,4.37E-01,1.00E+00,1.00E-02,1.56E-03,4973,2,ALT
5,rs1694068,53283630,A,T,1.74E-08,3.65E-01,440138,6.57E+00,4.98E-11,5.39E-01,5.33E-03,5.06E-03,7017,2,ALT
1,rs6700241,161500975,G,A,9.89E-08,2.15E-01,440138,-7.71E+00,1.28E-14,9.48E-01,-9.11E-03,2.62E-03,41153,2,ALT
12,rs11830764,111515020,C,G,1.79E-07,7.35E-02,440138,3.08E+00,2.08E-03,9.08E-01,6.55E-03,2.56E-03,215946,0,ALT
5,rs2731695,171883853,C,T,2.48E-07,4.97E-01,429077,-4.75E+00,2.03E-06,7.29E-01,-5.34E-03,3.52E-03,293040,2,ALT
5,rs6896613,172176933,A,G,2.70E-08,2.28E-01,440138,6.29E+00,3.14E-10,5.21E-01,4.94E-03,4.87E-03,40,1,ALT
7,rs72649044,73029207,T,C,4.66E-08,3.29E-02,389669,5.85E+00,4.99E-09,8.90E-01,8.42E-03,3.30E-03,10539,2,ALT
19,rs346751,45734433,C,T,1.65E-08,4.12E-01,440138,7.50E+00,6.38E-14,9.62E-01,9.13E-03,2.37E-03,337,2,ALT
2,rs13395911,233520254,T,A,9.00E-09,4.37E-01,440138,1.64E+01,4.35E-60,7.41E-01,2.06E-02,1.23E-02,310,1,ALT
22,rs738409,44324727,G,C,2.90E-08,2.40E-01,433298,3.93E+01,0.00E+00,1.00E+00,5.85E-02,1.55E-03,16,1,ALT
4,rs62305723,88231429,A,G,3.57E-07,6.44E-02,389669,-5.74E+00,9.24E-09,9.77E-01,-1.19E-02,2.38E-03,10031,1,ALT
18,rs77528544,56145312,T,G,9.00E-09,5.90E-02,389669,-7.44E+00,9.74E-14,5.50E-01,-4.73E-03,4.43E-03,9062,0,ALT
22,rs4821706,38154690,G,A,1.46E-07,2.89E-01,400730,4.39E+00,1.13E-05,7.93E-01,6.64E-03,3.66E-03,417932,1,ALT
8,rs2467663,145955007,C,T,8.90E-08,3.82E-01,440138,-1.20E+01,3.55E-33,9.21E-01,-1.18E-02,3.77E-03,466366,10,ALT
2,rs2241883,88424066,C,T,8.92E-07,2.97E-01,440138,-7.00E+00,2.56E-12,9.19E-01,-8.71E-03,3.03E-03,6516,1,ALT
17,rs62064084,17628755,A,G,2.62E-07,1.81E-01,440138,6.11E+00,9.89E-10,7.83E-01,6.74E-03,3.81E-03,257,1,ALT
6,rs55941023,130341728,C,CT,1.45E-07,2.92E-01,440138,-8.27E+00,1.31E-16,9.14E-01,-1.22E-02,4.03E-03,53,1,ALT
1,rs61823192,219294570,T,C,9.00E-09,2.87E-02,389669,6.87E+00,6.29E-12,7.06E-01,6.64E-03,4.48E-03,140958,4,ALT
2,rs11887534,44066247,C,G,8.92E-07,6.37E-02,440138,8.50E+00,1.90E-17,8.63E-01,1.00E-02,4.26E-03,49,2,ALT
5,rs30335,55841462,A,G,1.63E-07,4.09E-01,440138,-4.10E+00,4.13E-05,6.75E-01,-7.54E-03,5.40E-03,16404,3,ALT
15,rs339969,60883281,A,C,2.70E-07,3.71E-01,440138,9.24E+00,2.51E-20,7.03E-01,1.05E-02,7.00E-03,63,1,ALT
17,rs61740658,78337584,G,A,5.60E-08,7.51E-02,440138,-4.97E+00,6.55E-07,5.69E-01,-4.62E-03,4.19E-03,1142897,3,ALT
6,rs3756772,116325142,T,C,8.06E-07,4.31E-01,429077,7.86E+00,3.93E-15,8.30E-01,1.02E-02,4.88E-03,9012,1,ALT
20,rs188347645,60619416,G,A,9.00E-09,1.80E-03,389669,-5.05E+00,4.36E-07,7.43E-01,-5.83E-03,3.68E-03,292806,0,ALT
20,rs1883711,39179822,C,G,9.00E-09,3.13E-02,389669,7.80E+00,6.03E-15,6.53E-01,6.84E-03,5.14E-03,29,1,ALT
17,rs6505095,27210253,C,T,4.06E-08,3.23E-01,440138,-5.57E+00,2.53E-08,6.19E-01,-5.83E-03,4.74E-03,45707,1,ALT
6,rs200229786,27410581,G,GAA,1.22E-08,4.97E-01,400730,-6.52E+00,6.85E-11,8.07E-01,-7.01E-03,3.70E-03,455340,2,ALT
17,rs7216619,70079708,A,C,5.72E-08,3.20E-01,440138,7.62E+00,2.56E-14,5.05E-01,6.00E-03,6.05E-03,5765,1,ALT
3,rs79287178,172294500,A,G,9.00E-09,3.08E-02,389669,-1.51E+01,2.71E-51,1.00E+00,-2.43E-02,1.55E-03,274,1,ALT
6,rs73382439,20404420,C,T,9.00E-09,1.82E-01,400730,7.52E+00,5.54E-14,9.98E-01,1.15E-02,1.63E-03,52,1,ALT
15,rs1059395,40330518,G,T,2.70E-07,1.82E-01,440138,8.15E+00,3.70E-16,8.22E-01,7.79E-03,3.89E-03,352,1,ALT
8,rs12548737,8560536,A,G,1.92E-07,1.27E-01,440138,-9.33E-01,3.51E-01,9.92E-01,-9.23E-03,1.76E-03,82558,1,ALT
16,rs147350387,2154537,A,G,1.49E-08,1.79E-02,389669,-5.43E+00,5.80E-08,5.70E-01,-4.78E-03,4.31E-03,960038,0,ALT
4,rs4835265,146821410,A,C,1.43E-08,2.20E-01,440138,1.91E+01,3.92E-81,9.18E-01,2.97E-02,8.99E-03,33,2,ALT
16,rs3794701,3730578,G,A,1.58E-07,4.55E-01,440138,5.45E+00,5.04E-08,6.47E-01,5.57E-03,4.30E-03,615109,3,ALT
12,rs146774114,49743142,A,G,8.42E-07,1.27E-02,389669,-4.83E+00,1.37E-06,9.75E-01,-7.45E-03,1.96E-03,1395340,1,ALT
14,rs12881869,50923249,T,C,7.53E-07,7.06E-02,429077,-4.90E+00,9.47E-07,9.71E-01,-8.03E-03,2.07E-03,267928,2,ALT
12,rs671,112241766,A,G,1.45E-07,1.96E-01,440138,-7.41E+00,1.25E-13,9.87E-01,-1.09E-02,1.98E-03,24,2,ALT
15,rs2635383,57870866,T,G,9.00E-09,4.92E-01,440138,5.86E+00,4.71E-09,9.92E-01,1.06E-02,1.80E-03,21,1,ALT
13,13:50565104_ACT_A,50565104,ACT,A,9.00E-09,2.05E-02,389669,8.08E+00,6.42E-16,7.46E-01,9.51E-03,5.71E-03,196,1,ALT
19,rs2115107,7968168,A,G,3.00E-07,3.72E-01,440138,6.15E+00,7.75E-10,5.70E-01,5.40E-03,4.84E-03,4457,1,ALT
7,rs150717797,87111658,C,T,4.66E-08,1.03E-02,389669,7.87E+00,3.68E-15,7.37E-01,8.16E-03,5.05E-03,0,4,ALT
19,19:45414866_AT_A,45414866,AT,A,7.29E-08,3.59E-01,400730,-2.36E+00,1.81E-02,8.95E-01,-9.90E-03,3.69E-03,2972,3,ALT
11,rs4084164,62201458,G,A,4.09E-08,4.28E-01,440138,-8.50E+00,1.90E-17,9.96E-01,-9.96E-03,1.67E-03,1628,1,ALT
14,rs10137035,103244840,C,T,1.71E-07,2.28E-01,429077,4.64E+00,3.48E-06,8.05E-01,5.80E-03,3.18E-03,730705,0,ALT
2,rs71423566,179345183,T,C,1.33E-07,3.22E-01,389669,5.74E+00,9.52E-09,8.50E-01,7.69E-03,3.53E-03,21852,1,ALT
18,rs12454712,60845884,C,T,9.00E-09,3.82E-01,440138,-6.75E+00,1.48E-11,9.57E-01,-9.27E-03,2.48E-03,342,1,ALT
2,rs7607980,165551201,C,T,3.47E-07,1.19E-01,389669,-8.97E+00,2.97E-19,5.17E-01,-4.32E-03,4.34E-03,9494,3,ALT
14,rs28931570,94849388,A,G,7.53E-07,2.30E-03,389669,4.75E+00,1.99E-06,9.93E-01,7.57E-03,1.68E-03,4367,3,ALT
16,rs117630094,58159923,C,T,9.00E-09,8.70E-03,389669,5.17E+00,2.36E-07,5.04E-01,3.90E-03,4.02E-03,69429,0,ALT
19,rs7247349,33887160,C,A,1.98E-07,4.72E-01,440138,-1.05E+01,1.47E-25,1.00E+00,-1.74E-02,1.56E-03,70,1,ALT
4,rs17017425,144165951,T,C,9.00E-09,4.96E-01,440138,-1.90E+00,5.74E-02,1.00E+00,-1.14E-02,1.57E-03,1493443,1,ALT
12,rs2229357,57843711,A,G,8.42E-07,2.35E-01,440138,3.71E+00,2.09E-04,5.03E-01,3.25E-03,3.44E-03,805244,0,ALT
19,rs7599,36038390,G,A,6.35E-08,3.53E-01,440138,-6.67E+00,2.62E-11,7.32E-01,-7.72E-03,4.86E-03,237,1,ALT
8,rs2954021,126482077,G,A,1.39E-08,4.84E-01,440138,-1.93E+01,1.41E-82,9.99E-01,-2.56E-02,1.84E-03,55,1,ALT
17,rs11657440,79480686,C,T,2.49E-07,4.12E-01,440138,1.13E+01,9.01E-30,9.63E-01,2.00E-02,4.19E-03,205,1,ALT
11,rs11601507,5701074,A,C,4.39E-08,7.69E-02,440138,1.11E+01,1.55E-28,1.00E+00,1.83E-02,1.55E-03,339,1,ALT
1,rs17111109,94591654,C,G,1.52E-07,1.19E-01,429077,5.28E+00,1.31E-07,5.69E-01,4.02E-03,3.70E-03,126528,0,ALT
15,rs2070895,58723939,A,G,2.82E-07,2.50E-01,440138,-8.09E+00,6.12E-16,8.15E-01,-1.07E-02,5.31E-03,105,2,ALT
15,rs11372849,91419432,T,TC,2.70E-07,4.54E-01,440138,-5.70E+00,1.20E-08,5.71E-01,-5.84E-03,5.21E-03,1075165,1,ALT
6,rs185139895,34177853,A,G,9.00E-09,4.40E-02,389669,6.41E+00,1.44E-10,5.20E-01,5.30E-03,5.22E-03,95869,1,ALT
3,rs1801282,12393125,G,C,2.90E-07,1.16E-01,440138,-1.15E+01,1.10E-30,6.94E-01,-1.30E-02,8.77E-03,3431,2,ALT
1,rs2642438,220970028,G,A,9.89E-08,2.85E-01,440138,1.50E+01,1.44E-50,1.00E+00,2.35E-02,1.55E-03,32,1,ALT
3,rs7641302,126060315,C,T,1.72E-07,2.67E-01,440138,-5.13E+00,2.89E-07,9.21E-01,-7.62E-03,2.68E-03,154110,2,ALT
6,rs4711750,43757082,A,T,3.86E-08,4.93E-01,440138,9.15E+00,5.69E-20,5.23E-01,7.82E-03,7.55E-03,67,1,ALT
7,rs45575636,87060844,T,C,1.06E-07,8.60E-03,389669,5.72E+00,1.07E-08,9.98E-01,1.24E-02,1.66E-03,26249,2,ALT
8,rs112574791,145730221,A,G,3.28E-07,1.31E-02,389669,-2.28E+01,1.07E-114,9.64E-01,-3.81E-02,7.55E-03,241580,1,ALT
1,rs7535528,2444414,A,G,5.38E-08,3.71E-01,440138,-5.05E+00,4.42E-07,9.83E-01,-8.73E-03,1.92E-03,266054,1,ALT
10,rs2862954,101912064,C,T,6.99E-07,4.84E-01,440138,-2.83E+01,1.36E-176,7.55E-01,-3.40E-02,1.94E-02,249,3,ALT
8,rs1461729,9187242,G,A,9.00E-09,1.01E-01,440138,-1.33E+01,1.68E-40,5.71E-01,-1.02E-02,8.95E-03,15304,1,ALT
19,rs56254331,41826020,C,A,4.72E-08,1.68E-01,440138,5.50E+00,3.80E-08,6.24E-01,5.48E-03,4.43E-03,473053,2,ALT
19,rs123698,807442,C,G,1.65E-08,4.10E-01,440138,6.05E+00,1.45E-09,7.02E-01,6.68E-03,4.54E-03,461120,1,ALT
1,rs7535547,94793878,T,G,2.17E-07,4.37E-01,440138,5.85E+00,4.92E-09,5.42E-01,4.40E-03,4.21E-03,75696,2,ALT
19,rs756350040,19370340,TGACA,T,9.00E-09,7.28E-02,429077,-2.01E+01,1.90E-89,8.11E-01,-2.53E-02,1.23E-02,10226,3,ALT
17,17:7463644_TCAA_T,7463644,TCAA,T,2.49E-07,1.02E-01,440138,5.11E+00,3.20E-07,9.97E-01,9.48E-03,1.63E-03,278019,2,ALT
1,rs1041309,205461563,C,T,1.52E-07,1.81E-01,440138,-6.00E+00,1.97E-09,5.82E-01,-5.21E-03,4.58E-03,118,1,ALT
8,rs140564686,145952503,G,A,9.00E-09,3.90E-03,389669,-9.10E+00,8.98E-20,1.00E+00,-1.61E-02,1.55E-03,463862,3,ALT
19,rs1046268,3750615,C,T,1.71E-07,4.40E-01,440138,-6.60E+00,4.11E-11,5.21E-01,-5.30E-03,5.21E-03,448,2,ALT
8,rs141505249,145732114,C,G,1.92E-07,1.70E-03,389669,-4.75E+01,0.00E+00,8.59E-01,-6.30E-02,2.55E-02,243473,7,ALT
7,rs17168118,134576840,G,A,5.47E-07,3.48E-01,440138,5.10E+00,3.48E-07,7.85E-01,6.30E-03,3.59E-03,312828,1,ALT
22,rs72619546,43542792,A,G,9.32E-09,4.60E-01,440138,-1.98E+00,4.78E-02,8.65E-01,-8.73E-03,3.74E-03,781951,2,ALT
12,rs10773085,124853051,C,T,5.12E-08,2.81E-01,440138,-1.79E+00,7.32E-02,6.91E-01,-6.68E-03,4.65E-03,959169,3,ALT
3,rs77118593,12961324,T,C,1.32E-08,2.19E-02,389669,4.99E+00,6.16E-07,7.46E-01,5.95E-03,3.72E-03,329951,0,ALT
4,rs13144151,146403165,G,A,9.82E-08,2.44E-01,440138,2.65E+00,7.96E-03,7.23E-01,6.32E-03,4.13E-03,306377,1,ALT
14,rs72681869,50655357,C,G,2.97E-08,1.11E-02,389669,-1.03E+01,5.32E-25,1.00E+00,-1.35E-02,1.56E-03,36,1,ALT
3,3:172310795_TG_T,172310795,TG,T,3.17E-08,2.81E-01,440138,5.23E+00,1.72E-07,6.65E-01,6.46E-03,4.75E-03,16569,2,ALT
17,rs514653,75115698,C,T,5.60E-08,3.79E-01,440138,-4.86E+00,1.19E-06,8.78E-01,-7.41E-03,3.12E-03,1336516,1,ALT
1,rs17128787,66781768,A,T,1.52E-07,1.61E-01,440138,-2.75E+00,5.96E-03,8.10E-01,-6.26E-03,3.34E-03,620008,0,ALT
19,rs10409243,10332988,T,C,9.00E-09,4.36E-01,440138,-9.90E+00,4.16E-23,9.59E-01,-1.58E-02,3.61E-03,281,1,ALT
6,rs72959041,127454893,A,G,9.00E-09,5.06E-02,389669,7.60E+00,2.87E-14,5.87E-01,5.94E-03,5.12E-03,5,1,ALT
2,rs2894601,227249312,G,A,3.27E-08,3.28E-01,440138,-4.86E+00,1.15E-06,8.85E-01,-8.14E-03,3.27E-03,51895,2,ALT
19,rs187429064,19380513,G,A,8.73E-08,1.33E-02,389669,9.78E+00,1.34E-22,9.55E-01,1.55E-02,3.69E-03,53,1,ALT
12,rs1131017,56435929,G,C,3.52E-07,4.15E-01,429077,7.40E+00,1.36E-13,8.94E-01,1.11E-02,4.12E-03,13917,1,ALT
1,rs4925671,247622874,C,T,3.03E-08,2.89E-01,440138,-5.41E+00,6.33E-08,7.70E-01,-5.71E-03,3.41E-03,20500,0,ALT
10,rs7913964,80929992,G,A,7.95E-08,3.93E-01,440138,5.00E+00,5.73E-07,6.76E-01,5.39E-03,3.95E-03,1228537,3,ALT
6,rs17710008,153043035,A,G,3.62E-07,1.79E-01,440138,6.27E+00,3.63E-10,9.80E-01,9.57E-03,2.06E-03,274,1,ALT
14,rs28929474,94844947,T,C,2.97E-08,2.03E-02,389669,1.63E+01,1.11E-59,1.00E+00,2.57E-02,1.55E-03,74,1,ALT
17,17:7495378_GTC_G,7495378,GTC,G,9.00E-09,2.71E-01,440138,4.86E+00,1.15E-06,9.21E-01,8.16E-03,2.81E-03,309753,3,ALT
17,rs782787180,79372572,CGGGCCTCCG,C,2.49E-07,3.19E-01,440138,-3.04E+00,2.34E-03,6.37E-01,-5.72E-03,4.50E-03,107909,2,ALT
19,rs140312652,4159747,A,G,1.00E-07,1.90E-03,389669,-5.47E+00,4.41E-08,9.87E-01,-8.16E-03,1.81E-03,408684,1,ALT
10,rs35199395,70983936,C,G,2.36E-08,3.56E-01,440138,1.46E+01,2.12E-48,6.86E-01,1.74E-02,1.19E-02,400,1,ALT
14,rs17780143,50901768,A,G,7.53E-07,5.35E-02,440138,-7.77E+00,7.68E-15,9.32E-01,-7.73E-03,2.58E-03,246447,3,ALT
22,rs132642,36545137,T,A,9.32E-09,1.68E-01,389669,1.51E+01,2.51E-51,5.08E-01,1.16E-02,1.15E-02,5,1,ALT
3,rs57440162,29359952,C,T,9.00E-09,3.51E-01,440138,6.71E+00,1.89E-11,1.00E+00,1.06E-02,1.56E-03,332,1,ALT
6,rs74841643,34163292,A,G,9.00E-09,1.38E-02,389669,-4.90E+00,9.58E-07,6.22E-01,-4.51E-03,3.73E-03,110430,0,ALT
17,rs376084578,37509852,C,CTTAT,9.00E-09,3.79E-01,429077,5.29E+00,1.25E-07,9.46E-01,7.87E-03,2.41E-03,1336372,0,ALT
7,rs11770163,116417848,C,G,3.15E-07,3.18E-01,440138,6.59E+00,4.37E-11,9.33E-01,9.85E-03,3.05E-03,58,1,ALT
17,rs1801690,64208285,G,C,3.47E-08,5.65E-02,420542,8.24E+00,1.66E-16,8.82E-01,1.15E-02,4.48E-03,166,3,AST
19,rs973579,49241976,G,A,3.52E-07,4.95E-01,438201,8.67E+00,4.45E-18,5.74E-01,8.33E-03,7.28E-03,10747,3,AST
2,rs12463674,179432185,G,A,5.83E-07,3.16E-01,388374,1.00E+01,9.86E-24,8.64E-01,1.32E-02,5.46E-03,23,1,AST
10,rs4423123,101152720,T,G,9.65E-08,3.28E-01,438201,1.95E+01,2.64E-84,9.76E-01,3.31E-02,5.39E-03,313,2,AST
9,rs1799777,107666035,G,GC,3.81E-07,1.28E-01,438201,6.73E+00,1.66E-11,6.36E-01,6.48E-03,5.08E-03,78,1,AST
22,rs2269529,36684354,C,T,6.19E-07,2.49E-01,427222,-4.80E+00,1.59E-06,8.37E-01,-6.55E-03,3.23E-03,139508,1,AST
22,rs563522,27710343,C,T,8.16E-08,2.27E-01,438201,-4.32E+00,1.56E-05,6.32E-01,-4.41E-03,3.59E-03,1397876,0,AST
12,rs3741414,57844049,T,C,4.01E-07,2.36E-01,438201,1.24E+01,3.57E-35,5.01E-01,9.00E-03,9.09E-03,1,1,AST
22,rs5759195,43548619,C,G,1.77E-07,2.98E-01,427222,2.21E+00,2.72E-02,5.91E-01,4.57E-03,3.99E-03,761812,0,AST
5,rs1560422,38807123,A,C,1.13E-07,4.40E-01,438201,-3.67E+00,2.46E-04,6.46E-01,-4.46E-03,3.53E-03,606958,0,AST
16,rs77303550,72079657,T,C,1.28E-07,2.01E-01,438201,-1.02E+01,1.31E-24,8.83E-01,-1.44E-02,5.45E-03,26380,2,AST
17,rs199515750,76411154,T,TG,2.46E-07,2.57E-01,438201,-6.58E+00,4.60E-11,6.14E-01,-4.56E-03,3.82E-03,20001,0,AST
15,rs8032727,73977336,G,A,2.39E-07,4.26E-01,438201,9.55E+00,1.30E-21,9.11E-01,1.36E-02,4.51E-03,3592,1,AST
1,1:150716980_TA_T,150716980,TA,T,1.29E-08,2.18E-01,388374,-1.02E+01,2.15E-24,7.70E-01,-9.13E-03,5.18E-03,53754,3,AST
12,rs540639423,111844956,T,C,7.10E-09,8.50E-03,388374,-9.55E+00,1.29E-21,6.42E-01,-8.94E-03,6.79E-03,34,3,AST
3,rs79077706,58224140,G,C,2.24E-07,9.01E-02,388374,-4.97E+00,6.57E-07,8.50E-01,1.23E-02,5.37E-03,4258,2,AST
22,rs1883264,43509846,C,G,1.09E-07,1.59E-01,438201,4.97E+00,6.85E-07,6.99E-01,7.02E-03,4.79E-03,800585,2,AST
2,rs1002015,111616619,C,T,3.63E-08,4.41E-01,438201,5.70E+00,1.20E-08,9.71E-01,8.05E-03,2.07E-03,1194931,1,AST
11,rs138436783,93862685,G,A,9.17E-08,2.29E-02,388374,8.57E+00,1.04E-17,1.00E+00,1.12E-02,1.56E-03,193,1,AST
9,rs550478926,117085186,G,C,4.96E-07,8.22E-02,388374,-4.44E+00,9.17E-06,9.06E-01,-1.16E-02,4.04E-03,13399,2,AST
11,rs4472969,117700323,G,A,1.16E-07,1.96E-01,438201,4.54E+00,5.67E-06,7.30E-01,5.05E-03,3.35E-03,1077190,0,AST
2,rs149290349,43451957,A,G,5.83E-07,7.54E-02,388374,7.05E+00,1.80E-12,6.98E-01,7.75E-03,5.27E-03,23,3,AST
12,rs7488780,20579392,C,G,1.44E-07,1.99E-01,427222,-6.31E+00,2.83E-10,7.74E-01,-7.35E-03,4.21E-03,1825,2,AST
3,rs869197122,58375405,A,AAAC,1.67E-07,3.04E-01,438201,3.42E+00,6.34E-04,8.47E-01,-3.36E-02,1.44E-02,1169,3,AST
2,rs6734238,113841030,G,A,1.06E-07,3.92E-01,438201,-1.00E+01,9.66E-24,6.07E-01,-9.18E-03,7.49E-03,256,2,AST
11,rs2511241,72945341,T,C,3.88E-07,7.69E-02,427222,-6.92E+00,4.42E-12,1.00E+00,-1.02E-02,1.56E-03,40,1,AST
12,rs2213176,11960842,T,C,5.33E-08,2.60E-01,438201,-6.04E+00,1.51E-09,8.92E-01,-8.38E-03,3.27E-03,433,1,AST
9,rs1226590,103340369,A,G,1.55E-07,4.03E-01,438201,1.00E+01,9.38E-24,5.10E-01,9.22E-03,9.14E-03,75,1,AST
1,rs2229165,110466555,A,G,2.03E-07,1.13E-01,438201,6.12E+00,9.60E-10,6.79E-01,4.86E-03,3.58E-03,1456,0,AST
5,rs2910953,39533318,A,T,8.98E-09,2.39E-01,438201,1.32E+01,7.89E-40,1.00E+00,2.15E-02,1.56E-03,69,1,AST
16,rs3810812,3639139,G,A,7.10E-07,4.74E-01,438201,5.15E+00,2.60E-07,6.95E-01,5.56E-03,3.92E-03,523670,1,AST
15,rs41276922,90349461,A,G,2.61E-07,8.70E-02,388374,-7.18E+00,6.76E-13,5.70E-01,-5.68E-03,5.08E-03,5194,1,AST
2,rs13427580,233497127,T,C,1.48E-07,4.03E-01,438201,1.86E+00,6.24E-02,7.63E-01,-7.89E-03,4.60E-03,22622,2,AST
3,rs7610095,152035637,A,G,6.54E-08,4.58E-01,438201,-6.90E+00,5.20E-12,8.66E-01,-8.48E-03,3.63E-03,12,1,AST
10,rs9663238,70983629,G,A,1.12E-07,3.51E-01,438201,1.06E+01,2.03E-26,6.07E-01,1.25E-02,1.01E-02,93,1,AST
10,10:101101889_GT_G,101101889,GT,G,7.10E-09,1.90E-03,388374,2.25E+01,3.03E-112,1.00E+00,6.53E-02,1.77E-03,11492,1,AST
5,rs10075805,31021358,G,A,1.18E-08,2.72E-01,438201,-9.83E+00,8.69E-23,8.38E-01,-1.26E-02,5.73E-03,214,1,AST
12,rs10772552,12510097,T,C,4.65E-07,4.82E-01,438201,4.33E+00,1.47E-05,6.61E-01,5.87E-03,4.41E-03,5146,3,AST
5,rs17622517,131803537,C,T,3.50E-07,8.18E-02,388374,6.03E+00,1.68E-09,9.55E-01,7.50E-03,2.24E-03,5,2,AST
17,17:80822731_CGGGGCACCGTGGGGACAGCGGGGGCCTGCTCACTCCCT_C,80822731,CGGGGCACCGTGGGGACAGCGGGGGCCTGCTCACTCCCT,C,1.34E-07,4.56E-01,399353,5.29E+00,1.25E-07,6.02E-01,4.42E-03,3.79E-03,513150,0,AST
10,rs781940029,18087629,CTG,C,9.26E-08,2.20E-01,388374,-3.93E+01,0.00E+00,1.00E+00,-2.66E-02,1.54E-03,133772,7,AST
13,rs9574658,81044317,C,G,3.50E-07,2.49E-01,438201,7.17E+00,7.68E-13,9.77E-01,1.06E-02,2.26E-03,17,1,AST
7,rs28437675,5937412,T,C,1.15E-07,2.91E-01,427222,-4.52E+00,6.13E-06,5.79E-01,-4.04E-03,3.64E-03,1335821,0,AST
16,16:54428798_GA_G,54428798,GA,G,7.10E-09,5.34E-02,438201,-1.19E+01,7.41E-33,5.55E-01,-1.11E-02,1.00E-02,20,1,AST
11,rs3740995,5700340,C,T,1.16E-07,1.58E-01,427222,-5.00E+00,5.73E-07,6.21E-01,-6.16E-03,4.97E-03,395,2,AST
10,rs55760941,115298957,G,A,1.12E-07,9.10E-02,438201,5.57E+00,2.53E-08,9.95E-01,8.48E-03,1.67E-03,489185,1,AST
22,rs5763003,29539501,T,C,1.09E-07,2.13E-01,438201,-6.47E+00,9.88E-11,1.00E+00,-9.47E-03,1.56E-03,50388,1,AST
15,rs588739,40385088,G,C,1.31E-08,4.22E-01,438201,6.90E+00,5.03E-12,6.84E-01,6.06E-03,4.31E-03,50,0,AST
11,rs117739035,408174,T,G,3.88E-07,3.64E-02,388374,-4.83E+00,1.38E-06,9.00E-01,-6.73E-03,2.68E-03,1367056,1,AST
17,rs138420351,7700063,T,C,7.10E-09,1.15E-02,388374,-6.99E+00,2.75E-12,9.36E-01,-1.08E-02,3.20E-03,25,3,AST
1,rs1497406,16505320,G,A,1.23E-07,4.03E-01,438201,1.42E+01,5.32E-46,8.52E-01,1.99E-02,8.40E-03,591,1,AST
3,rs141612861,12450915,A,AG,3.97E-07,3.85E-01,438201,5.81E+00,6.27E-09,5.26E-01,5.03E-03,4.92E-03,54359,3,AST
10,rs181286940,103285604,C,A,7.10E-09,1.30E-03,388374,-5.27E+00,1.33E-07,8.65E-01,-6.84E-03,3.06E-03,1096876,0,AST
5,rs3909469,39424010,G,A,3.92E-07,2.51E-01,438201,1.10E+01,2.37E-28,1.00E+00,1.18E-02,1.56E-03,9929,3,AST
17,rs7209484,46143042,C,T,8.80E-08,2.49E-01,438201,6.74E+00,1.59E-11,5.48E-01,5.71E-03,5.31E-03,25280,2,AST
3,rs35319679,12962074,A,G,9.70E-08,1.57E-01,438201,-4.89E+00,9.94E-07,6.67E-01,-4.87E-03,3.67E-03,565518,0,AST
1,rs140584594,110232983,G,A,3.20E-07,2.69E-01,388374,5.88E+00,4.23E-09,1.00E+00,1.01E-02,1.56E-03,118078,2,AST
10,rs61856804,98457788,T,G,2.01E-07,2.21E-01,438201,5.88E+00,4.10E-09,8.34E-01,8.27E-03,3.95E-03,140,1,AST
10,rs1757218,18506741,C,G,2.01E-07,2.37E-01,438201,1.11E+01,7.32E-29,1.00E+00,1.91E-02,1.54E-03,165,8,AST
3,rs73028353,17694541,T,A,7.10E-09,3.34E-02,388374,-5.92E+00,3.28E-09,9.73E-01,-8.52E-03,2.08E-03,99,1,AST
17,rs117643180,7185779,A,C,7.78E-08,2.61E-02,388374,8.40E+00,4.58E-17,9.71E-01,1.26E-02,2.68E-03,154,1,AST
2,rs62165726,134966562,A,C,2.46E-08,3.82E-02,388374,-6.71E+00,1.89E-11,1.00E+00,-1.05E-02,1.56E-03,33,1,AST
11,rs143777403,22239808,G,A,1.54E-07,3.00E-03,388374,5.30E+00,1.14E-07,9.68E-01,7.25E-03,2.02E-03,32156,5,AST
10,rs181138338,100974408,T,C,7.10E-09,1.40E-03,388374,-1.07E+00,2.84E-01,1.00E+00,4.03E-02,1.55E-03,33991,7,AST
15,rs2289702,79237293,T,C,4.23E-07,1.01E-01,438201,7.12E+00,1.10E-12,9.63E-01,8.95E-03,2.34E-03,2210,1,AST
1,rs2128416,10700448,C,T,2.03E-07,2.33E-01,438201,-4.00E+00,6.33E-05,8.53E-01,-6.02E-03,2.89E-03,623721,0,AST
12,rs1841957,10562025,T,C,4.01E-07,3.23E-01,438201,-9.09E+00,9.82E-20,6.35E-01,-9.21E-03,7.10E-03,8254,2,AST
19,rs79744308,5827765,A,G,3.21E-07,4.37E-02,399353,-1.07E+01,1.67E-26,8.62E-01,-1.45E-02,5.98E-03,11904,1,AST
8,rs17620,23060256,C,T,4.89E-07,4.72E-01,388374,-4.77E+00,1.82E-06,5.54E-01,-4.24E-03,3.98E-03,186999,2,AST
5,rs34525658,39427198,A,C,3.92E-07,1.67E-01,438201,2.86E+00,4.28E-03,9.97E-01,1.04E-02,1.66E-03,13117,2,AST
17,rs2066964,78171944,C,G,3.25E-07,3.85E-01,438201,-4.43E+00,9.48E-06,9.59E-01,-7.19E-03,2.13E-03,191809,2,AST
2,rs6747874,101578489,A,G,1.64E-07,2.87E-01,438201,6.71E+00,1.97E-11,7.48E-01,7.22E-03,4.40E-03,49942,4,AST
12,rs60140950,21028208,C,G,4.65E-07,1.47E-01,388374,7.00E+00,2.56E-12,8.42E-01,9.19E-03,4.25E-03,4,1,AST
6,rs4646284,160581543,T,TG,4.37E-08,3.15E-01,438201,3.82E+00,1.34E-04,9.71E-01,7.85E-03,2.05E-03,20828,1,AST
9,rs4878525,33140789,G,C,2.51E-07,4.88E-01,438201,1.37E+01,2.02E-42,8.08E-01,1.71E-02,8.50E-03,61,1,AST
11,rs73632737,126226775,C,G,1.85E-07,7.71E-02,438201,-8.29E+00,1.14E-16,5.77E-01,-7.32E-03,6.38E-03,887,1,AST
13,rs17532371,41635301,G,C,3.34E-07,7.48E-02,388374,-7.39E+00,1.47E-13,8.17E-01,-9.40E-03,4.68E-03,26438,1,AST
1,rs188273166,220101499,A,G,3.67E-07,1.20E-03,388374,1.11E+01,9.70E-29,1.00E+00,1.72E-02,1.56E-03,46,1,AST
16,rs16940369,86096556,G,C,1.09E-08,2.60E-01,438201,6.71E+00,1.97E-11,9.71E-01,8.34E-03,1.99E-03,143,1,AST
1,rs150830852,150576211,T,TTTG,3.67E-07,1.49E-01,408077,1.02E+01,2.78E-24,5.56E-01,7.52E-03,6.85E-03,75210,1,AST
1,rs145879454,161559078,A,AT,3.58E-08,4.00E-01,427222,-4.38E+00,1.18E-05,7.71E-01,-5.84E-03,3.47E-03,16151,0,AST
10,rs200698830,101147787,T,C,7.10E-09,1.30E-03,388374,-1.15E-01,9.09E-01,1.00E+00,3.11E-02,1.55E-03,4620,3,AST
14,rs17122039,50530600,A,G,1.23E-07,2.96E-01,438201,-3.36E+00,7.69E-04,7.95E-01,-6.57E-03,3.61E-03,176564,2,AST
14,rs1760940,20938251,C,A,7.10E-09,2.38E-01,438201,8.25E+00,1.58E-16,6.91E-01,8.90E-03,6.09E-03,8246,1,AST
1,rs11240351,205044339,G,A,7.10E-09,4.33E-01,438201,1.02E+01,2.20E-24,9.76E-01,1.44E-02,2.73E-03,79,1,AST
2,rs3769825,202111380,G,A,1.14E-07,4.58E-01,438201,-4.81E+00,1.51E-06,9.99E-01,-1.06E-02,1.58E-03,999140,1,AST
2,rs143827530,101924635,C,T,1.14E-07,5.30E-03,388374,6.01E+00,1.82E-09,9.93E-01,8.10E-03,1.69E-03,10,1,AST
1,rs333947,110470764,A,G,7.10E-09,1.75E-01,438201,-1.73E+01,2.65E-67,1.00E+00,-2.87E-02,1.56E-03,2556,1,AST
3,rs4688739,50308718,G,A,1.07E-07,1.09E-01,388374,6.23E+00,4.71E-10,7.88E-01,7.37E-03,4.07E-03,230,1,AST
4,rs62305723,88231429,A,G,5.83E-07,6.45E-02,388374,-5.23E+00,1.72E-07,7.21E-01,-8.39E-03,5.41E-03,26183,2,AST
6,rs55941023,130341728,C,CT,2.62E-07,2.93E-01,438201,-7.17E+00,7.29E-13,6.28E-01,-7.18E-03,5.69E-03,4100,1,AST
19,rs12975366,54759361,C,T,3.21E-07,3.86E-01,438201,-1.21E+01,1.18E-33,1.00E+00,-2.10E-02,1.56E-03,52,1,AST
12,rs61754230,72179446,T,C,7.10E-09,1.98E-02,388374,7.05E+00,1.76E-12,1.00E+00,1.05E-02,1.57E-03,1037,1,AST
15,rs339969,60883281,A,C,4.23E-07,3.73E-01,438201,5.77E+00,7.80E-09,7.23E-01,7.97E-03,5.12E-03,63,2,AST
22,rs5752776,29108229,G,A,1.53E-07,3.15E-01,438201,7.64E+00,2.23E-14,5.84E-01,5.72E-03,4.98E-03,10,4,AST
5,rs7706735,156701256,T,C,3.50E-07,2.39E-01,438201,4.16E+00,3.16E-05,8.89E-01,6.08E-03,2.61E-03,53339,0,AST
11,rs559220724,116523568,C,A,7.10E-09,8.60E-03,388374,6.41E+00,1.45E-10,5.11E-01,5.37E-03,5.36E-03,276,2,AST
10,rs192779317,100798908,T,C,7.10E-09,1.30E-03,388374,-1.49E-01,8.82E-01,9.98E-01,2.10E-02,1.80E-03,74152,5,AST
19,rs67795913,55653297,C,A,4.70E-08,1.34E-01,438201,-5.70E+00,1.20E-08,7.09E-01,-6.02E-03,4.07E-03,885413,4,AST
19,rs2116942,10334663,G,T,6.93E-08,4.27E-01,438201,-5.86E+00,4.71E-09,5.27E-01,-4.82E-03,4.71E-03,1956,1,AST
1,rs3850625,201016296,A,G,1.10E-07,1.15E-01,438201,-8.27E+00,1.31E-16,1.00E+00,-1.26E-02,1.56E-03,96,1,AST
3,rs79287178,172294500,A,G,7.10E-09,3.08E-02,388374,-1.45E+01,1.21E-47,1.00E+00,-2.31E-02,1.56E-03,274,1,AST
16,rs73550818,58764855,A,C,1.42E-07,2.04E-01,438201,9.39E+00,6.06E-21,1.00E+00,1.55E-02,1.56E-03,305,2,AST
11,rs78910794,93927386,C,G,7.10E-09,9.28E-02,438201,-9.86E+00,6.17E-23,5.63E-01,-8.39E-03,7.47E-03,105,3,AST
7,rs17857291,150812683,A,G,1.15E-07,2.66E-01,399353,-4.96E+00,7.11E-07,9.31E-01,-7.32E-03,2.49E-03,503372,0,AST
9,rs13294683,82279767,T,C,7.10E-09,1.01E-01,388374,8.19E+00,2.52E-16,1.00E+00,1.11E-02,1.46E-03,60,1,AST
4,rs976892,23390149,G,A,1.00E-07,4.74E-01,438201,7.35E+00,1.98E-13,6.04E-01,6.90E-03,5.72E-03,7798,3,AST
3,rs79953286,132226100,G,A,9.70E-08,5.76E-02,388374,-9.04E+00,1.52E-19,8.95E-01,-1.21E-02,4.40E-03,101,2,AST
7,rs1917368,17911752,T,G,7.10E-09,4.05E-01,438201,-1.19E+01,1.11E-32,9.31E-01,-1.70E-02,4.87E-03,108,1,AST
4,rs4835265,146821410,A,C,7.10E-09,2.15E-01,438201,1.53E+01,1.23E-52,1.00E+00,2.49E-02,1.57E-03,33,1,AST
19,rs13181,45854919,G,T,3.21E-07,3.55E-01,438201,3.86E+00,1.12E-04,9.41E-01,9.10E-03,2.74E-03,42974,2,AST
12,rs3751262,12618690,A,G,5.15E-07,1.16E-01,438201,6.33E+00,2.40E-10,5.47E-01,6.26E-03,5.84E-03,137,2,AST
5,rs33204,76734084,T,C,7.67E-08,4.46E-01,438201,-6.75E+00,1.48E-11,5.24E-01,-5.48E-03,5.35E-03,3,1,AST
1,rs80066701,94684137,A,T,3.20E-07,9.17E-02,388374,-9.27E+00,1.86E-20,8.90E-01,-1.04E-02,3.94E-03,18714,1,AST
12,rs671,112241766,A,G,7.10E-09,1.96E-01,438201,-8.00E+00,1.24E-15,9.42E-01,-1.23E-02,3.41E-03,24,1,AST
4,4:151651830_GA_G,151651830,GA,G,7.10E-09,1.33E-01,388374,6.03E+00,1.63E-09,9.55E-01,8.23E-03,2.34E-03,71,1,AST
15,rs2635383,57870866,T,G,4.48E-08,4.94E-01,438201,5.52E+00,3.32E-08,9.96E-01,9.86E-03,1.66E-03,853178,1,AST
19,rs140297736,7512016,G,C,8.58E-08,5.80E-03,388374,-4.53E+00,5.95E-06,6.12E-01,-4.57E-03,3.84E-03,313100,0,AST
10,rs1926736,17891705,G,A,1.61E-08,3.84E-01,399353,5.85E+01,0.00E+00,1.00E+00,3.46E-02,1.54E-03,62,9,AST
14,rs10145626,94465209,A,G,1.05E-07,2.58E-01,438201,6.35E+00,2.13E-10,5.02E-01,4.00E-03,4.14E-03,2656,2,AST
8,rs2241261,22876739,T,C,2.74E-07,4.87E-01,438201,-8.45E+00,2.91E-17,6.76E-01,-8.90E-03,6.29E-03,3482,3,AST
16,rs117630094,58159923,C,T,5.09E-08,8.70E-03,388374,5.40E+00,6.79E-08,5.07E-01,3.49E-03,3.62E-03,464270,0,AST
18,rs634285,55122826,A,G,1.60E-07,9.30E-02,438201,-1.44E+01,2.73E-47,5.40E-01,-1.17E-02,1.08E-02,5702,2,AST
3,rs142003368,170074001,A,AAAT,3.97E-07,1.24E-01,438201,-6.39E+00,1.69E-10,6.28E-01,-5.97E-03,4.78E-03,59687,2,AST
12,rs61755050,100926308,C,T,1.31E-07,6.10E-03,388374,4.94E+00,7.73E-07,6.93E-01,5.45E-03,3.86E-03,1494673,4,AST
1,rs143554274,198455391,T,C,7.10E-09,7.90E-03,388374,5.00E+00,5.73E-07,5.76E-01,4.47E-03,4.01E-03,179183,0,AST
19,rs3786920,33994417,C,T,1.39E-07,4.06E-01,438201,-9.95E+00,2.46E-23,9.06E-01,-9.92E-03,3.52E-03,5603,1,AST
17,rs111164279,78248702,T,G,2.47E-08,4.05E-01,388374,-5.09E+00,3.56E-07,9.84E-01,-9.02E-03,1.92E-03,115051,3,AST
11,rs11601507,5701074,A,C,4.58E-08,7.61E-02,438201,1.04E+01,1.99E-25,1.00E+00,1.75E-02,1.56E-03,339,1,AST
4,rs13107325,103188709,T,C,5.83E-07,7.45E-02,388374,1.38E+01,2.38E-43,1.00E+00,2.16E-02,1.57E-03,250,1,AST
5,rs6894249,131797547,G,A,3.59E-07,4.10E-01,438201,-7.33E+00,2.25E-13,9.63E-01,-1.13E-02,2.68E-03,32,1,AST
7,rs45575636,87060844,T,C,1.47E-07,8.60E-03,388374,3.54E+00,4.02E-04,9.64E-01,7.16E-03,2.06E-03,1597,1,AST
10,rs2862954,101912064,C,T,4.93E-07,4.86E-01,438201,-2.20E+01,2.88E-107,8.40E-01,-3.15E-02,1.38E-02,249,8,AST
10,rs35383388,114151126,C,CA,7.37E-08,2.31E-01,399353,5.76E+00,8.41E-09,9.24E-01,7.83E-03,2.69E-03,218305,3,AST
12,rs183913232,111856506,T,G,1.19E-07,7.30E-03,388374,-5.47E+00,4.44E-08,7.54E-01,-5.91E-03,3.64E-03,11516,4,AST
1,rs7535547,94793878,T,G,3.67E-07,4.37E-01,438201,8.35E+00,6.83E-17,6.42E-01,6.08E-03,4.72E-03,75696,2,AST
19,rs756350040,19370340,TGACA,T,7.10E-09,7.29E-02,427222,-1.51E+01,2.29E-51,9.69E-01,-2.28E-02,4.38E-03,7,1,AST
8,rs12114418,126521465,G,A,1.17E-07,2.91E-01,438201,7.04E+00,1.90E-12,6.89E-01,6.79E-03,4.75E-03,952,2,AST
5,rs376214268,68796230,C,CT,7.10E-09,3.39E-01,388374,6.04E+00,1.51E-09,6.37E-01,5.38E-03,4.24E-03,217260,0,AST
17,rs3794782,18127914,G,C,3.25E-07,4.06E-01,438201,5.27E+00,1.34E-07,9.37E-01,1.01E-02,3.02E-03,81229,1,AST
16,rs35482869,67598433,C,G,1.32E-07,3.02E-01,438201,-5.95E+00,2.61E-09,9.78E-01,-8.95E-03,2.03E-03,1205251,1,AST
1,rs17608459,110435328,A,G,2.03E-07,1.12E-01,388374,-3.56E+00,3.73E-04,8.58E-01,-6.32E-03,2.95E-03,32683,0,AST
22,rs72619546,43542792,A,G,7.10E-09,4.47E-01,438201,-2.02E+00,4.34E-02,9.33E-01,-1.10E-02,3.30E-03,767639,3,AST
2,rs12612210,112415726,T,C,1.64E-07,4.57E-01,438201,4.38E+00,1.18E-05,5.68E-01,4.67E-03,4.24E-03,395824,6,AST
8,rs35649835,72467870,T,TAA,7.10E-09,8.86E-02,388374,-8.18E+00,2.74E-16,6.96E-01,-8.65E-03,5.87E-03,13,1,AST
3,3:172310795_TG_T,172310795,TG,T,6.16E-08,2.82E-01,438201,5.32E+00,1.05E-07,6.61E-01,6.23E-03,4.64E-03,16569,2,AST
7,rs9639523,25991977,T,G,2.02E-07,3.75E-01,438201,6.52E+00,6.85E-11,9.81E-01,1.06E-02,2.13E-03,200,1,AST
14,rs28929474,94844947,T,C,3.86E-08,2.04E-02,388374,1.47E+01,3.73E-49,1.00E+00,2.17E-02,1.56E-03,74,1,AST
19,rs351978,806256,G,A,7.10E-09,4.45E-01,438201,6.29E+00,3.26E-10,8.33E-01,7.50E-03,3.62E-03,461541,2,AST
17,rs117174308,30068390,C,T,2.47E-08,2.64E-02,388374,-6.42E+00,1.38E-10,8.11E-01,-7.98E-03,4.10E-03,76,1,AST
15,rs35492760,40330081,G,GTCAA,2.39E-07,1.82E-01,438201,-8.32E+00,8.69E-17,5.57E-01,-5.10E-03,4.70E-03,85,1,AST
16,rs11558171,58768129,A,C,7.10E-07,1.43E-01,388374,-3.52E+00,4.38E-04,9.95E-01,-9.02E-03,1.68E-03,2969,3,AST
19,rs2304166,55526373,C,G,3.21E-07,4.32E-01,438201,4.62E+00,3.86E-06,9.78E-01,7.75E-03,1.93E-03,758489,2,AST
17,rs17138478,36073320,A,C,4.32E-07,1.57E-01,438201,-6.31E+00,2.78E-10,1.00E+00,-9.80E-03,1.56E-03,97543,1,AST
16,rs30842,58743454,C,A,7.10E-07,3.38E-01,438201,1.48E+00,1.40E-01,7.66E-01,7.83E-03,4.55E-03,9016,5,AST
3,rs539112637,172269528,T,G,1.48E-08,2.60E-03,388374,1.45E+00,1.48E-01,5.64E-01,4.99E-03,4.54E-03,24698,5,AST
6,rs2800708,127437617,T,C,7.05E-08,4.62E-01,438201,7.65E+00,2.01E-14,6.61E-01,7.32E-03,5.40E-03,2454,1,AST
20,rs2274934,60897487,T,C,3.09E-07,4.00E-01,438201,-5.62E+00,1.92E-08,7.59E-01,-6.67E-03,4.00E-03,1004614,0,AST
4,rs111285143,8235220,A,C,1.62E-07,8.40E-03,388374,7.29E+00,3.14E-13,1.00E+00,9.45E-03,1.43E-03,97,1,AST
7,rs77506340,128764737,T,C,9.85E-08,1.12E-01,388374,5.53E+00,3.21E-08,6.65E-01,4.74E-03,3.60E-03,194706,0,AST
9,rs296891,86597208,G,A,3.81E-07,4.85E-01,438201,7.25E+00,4.17E-13,6.35E-01,7.16E-03,5.61E-03,4643,1,AST
2,rs11693809,11890138,C,T,1.64E-07,4.03E-01,438201,-6.10E+00,1.09E-09,9.01E-01,-8.67E-03,3.23E-03,39,1,AST
18,rs12967026,60883301,G,C,2.98E-08,2.92E-01,438201,-5.17E+00,2.38E-07,9.40E-01,-9.32E-03,2.80E-03,15728,3,AST
1,rs66891958,204041876,A,G,4.31E-07,4.49E-01,438201,5.60E+00,2.14E-08,9.36E-01,7.73E-03,2.53E-03,981122,0,AST
18,rs4552110,57183948,T,A,8.15E-08,1.50E-01,438201,5.17E+00,2.31E-07,8.05E-01,6.75E-03,3.60E-03,1023890,4,AST
10,rs117163080,17845995,C,T,7.10E-09,1.38E-01,399353,4.53E+01,0.00E+00,1.00E+00,4.57E-02,1.54E-03,147,2,AST
9,rs7018885,95892726,C,T,2.51E-07,2.52E-01,438201,-9.91E+00,3.66E-23,1.00E+00,-1.46E-02,1.56E-03,51,1,AST
6,rs200564310,117506042,G,T,7.10E-09,1.61E-01,399353,-6.76E+00,1.39E-11,1.00E+00,-1.43E-02,1.56E-03,1948,1,AST
10,rs8211,94819053,T,C,7.37E-08,4.19E-01,438201,6.95E+00,3.59E-12,7.75E-01,9.08E-03,5.08E-03,22443,2,AST
16,rs2291160,88697487,A,G,1.42E-07,4.61E-01,438201,-7.60E+00,2.96E-14,7.01E-01,-7.19E-03,4.87E-03,4438,1,AST
8,rs34215892,21767240,A,G,1.21E-07,2.87E-02,388374,-6.03E+00,1.64E-09,9.76E-01,-8.79E-03,2.07E-03,101,1,AST
11,11:116623213_TA_T,116623213,TA,T,7.10E-09,1.39E-01,388374,1.09E+01,1.58E-27,1.00E+00,1.67E-02,1.56E-03,80,1,AST
11,rs7481951,22271870,T,A,1.54E-07,4.38E-01,427222,1.29E+01,7.86E-38,1.00E+00,2.00E-02,1.56E-03,94,1,AST
11,rs2555159,6518785,T,C,9.17E-08,2.06E-01,438201,4.23E+00,2.30E-05,8.78E-01,6.39E-03,2.80E-03,136945,0,AST
1,rs72717048,161500796,G,C,3.67E-07,7.44E-02,388374,1.23E+01,7.34E-35,7.29E-01,6.12E-03,3.96E-03,117,3,AST
18,rs11875971,60867576,C,A,1.14E-07,2.59E-01,438201,-6.00E+00,1.97E-09,9.06E-01,-9.56E-03,3.42E-03,3,2,AST
11,rs137854523,22257752,T,G,1.54E-07,1.80E-03,388374,5.05E+00,4.40E-07,9.81E-01,8.74E-03,1.96E-03,14212,4,AST
17,17:76379332_CT_C,76379332,CT,C,3.53E-07,4.97E-01,399353,-9.71E+00,2.62E-22,9.54E-01,-1.27E-02,3.18E-03,22,1,AST
17,rs1801689,64210580,C,A,1.34E-07,2.98E-02,388374,9.58E+00,9.88E-22,8.69E-01,1.31E-02,5.29E-03,55,1,AST
1,rs1883965,11322156,G,A,4.31E-07,2.72E-01,438201,6.57E+00,5.20E-11,6.99E-01,7.46E-03,5.08E-03,2013,1,AST
6,rs998584,43757896,A,C,7.05E-08,4.91E-01,438201,1.00E+01,1.52E-23,8.25E-01,1.33E-02,6.28E-03,2502,1,AST
16,rs12926803,58097600,C,G,3.33E-07,2.82E-01,438201,-5.48E+00,4.29E-08,5.53E-01,-5.22E-03,4.84E-03,526593,4,AST
2,rs570541235,113091439,A,AT,3.63E-08,4.47E-02,388374,-6.90E+00,5.06E-12,6.62E-01,-5.45E-03,4.09E-03,125443,2,AST
4,rs77849807,26152727,G,A,1.50E-07,1.58E-02,388374,6.93E+00,4.20E-12,1.00E+00,1.11E-02,1.56E-03,40,1,AST
1,rs10922478,89144053,G,A,2.80E-08,4.39E-01,438201,1.12E+01,4.08E-29,7.37E-01,1.29E-02,7.80E-03,107,1,AST
20,rs2224538,38552078,C,T,1.04E-07,3.52E-01,438201,-5.95E+00,2.64E-09,9.55E-01,-8.96E-03,2.47E-03,160,1,AST
11,rs56175344,93864393,G,C,1.16E-07,1.13E-01,438201,-1.51E+01,2.88E-51,8.16E-01,-1.79E-02,8.61E-03,33,2,AST
1,rs143105156,92627191,A,T,7.10E-09,1.39E-02,388374,6.36E+00,2.03E-10,8.94E-01,9.11E-03,3.47E-03,151,1,AST
1,rs141715004,27480600,A,G,1.23E-07,1.30E-03,388374,-4.26E+00,2.02E-05,6.98E-01,-4.66E-03,3.33E-03,1072974,0,AST
11,rs138943719,21960729,T,A,7.10E-09,3.10E-03,388374,7.15E+00,8.44E-13,9.99E-01,1.24E-02,1.62E-03,51,2,AST
18,rs17749561,60783211,A,G,1.14E-07,9.70E-02,388374,5.14E+00,2.76E-07,5.29E-01,3.98E-03,3.92E-03,84362,1,AST
11,rs11237123,76922946,A,G,1.54E-07,1.86E-01,438201,8.04E+00,9.21E-16,9.44E-01,1.11E-02,3.10E-03,57,1,AST
4,rs13116684,48037926,G,A,5.23E-07,2.10E-01,438201,6.44E+00,1.19E-10,5.25E-01,4.55E-03,4.53E-03,5924,1,AST
3,rs41289620,46003735,T,C,3.66E-07,1.22E-02,388374,1.24E+01,4.47E-35,9.40E-01,1.82E-02,4.85E-03,39365,1,AST
10,rs182551431,18565589,T,C,7.10E-09,1.90E-03,388374,-1.76E+01,3.38E-69,1.00E+00,-2.58E-02,1.54E-03,36,5,AST
16,rs78755089,79576621,T,G,1.14E-07,8.36E-02,427222,5.87E+00,4.40E-09,8.17E-01,7.36E-03,3.76E-03,134721,3,AST
4,rs1133483,100023923,C,G,5.79E-08,4.02E-01,438201,-9.43E+00,4.16E-21,5.48E-01,-7.72E-03,7.11E-03,12277,1,AST
19,rs149664511,54760381,A,G,8.58E-08,5.10E-03,388374,-4.01E+00,5.99E-05,8.87E-01,-6.94E-03,2.88E-03,1072,3,AST
17,rs1799938,65052304,A,G,3.47E-08,1.13E-01,438201,7.06E+00,1.64E-12,7.81E-01,9.11E-03,5.02E-03,217,3,AST
4,rs13145313,184159419,C,A,6.39E-08,3.84E-01,438201,6.24E+00,4.43E-10,6.64E-01,6.13E-03,4.54E-03,62424,0,AST
6,rs9358358,20719393,C,A,1.06E-07,2.17E-01,438201,-4.79E+00,1.70E-06,6.77E-01,-6.08E-03,4.40E-03,1213749,1,AST
1,rs10900498,205473207,C,A,1.23E-07,2.94E-01,438201,-6.27E+00,3.55E-10,9.98E-01,-1.02E-02,1.61E-03,30,2,AST
18,rs12968116,55322502,T,C,4.48E-07,1.25E-01,388374,-6.67E+00,2.62E-11,7.17E-01,-6.54E-03,4.33E-03,3364,3,AST
2,rs17576323,188003118,C,T,1.14E-07,2.00E-01,388374,-6.56E+00,5.54E-11,8.96E-01,-8.47E-03,3.25E-03,40,1,AST
18,rs11663046,56119629,C,G,8.15E-08,2.53E-01,438201,1.83E+00,6.68E-02,9.84E-01,8.45E-03,1.89E-03,8144,1,AST
10,rs508196,18263873,T,C,7.10E-09,4.57E-01,438201,-3.81E+01,0.00E+00,1.00E+00,-2.39E-02,1.54E-03,110,4,AST
17,17:66453572_GGCCCGGGAA_G,66453572,GGCCCGGGAA,G,3.25E-07,4.69E-01,438201,5.80E+00,6.63E-09,7.17E-01,6.78E-03,4.47E-03,1401051,2,AST
11,rs61910685,22296266,T,C,9.17E-08,1.16E-02,388374,7.76E+00,8.33E-15,1.00E+00,1.06E-02,1.56E-03,11,3,AST
19,rs34878396,3546264,T,C,1.39E-07,1.24E-02,388374,-6.87E+00,6.60E-12,9.97E-01,-1.02E-02,1.65E-03,18,1,AST
6,rs1800562,26093141,A,G,5.68E-07,7.80E-02,388374,7.88E+00,3.41E-15,9.03E-01,9.16E-03,3.35E-03,21788,1,AST
19,rs2280401,50000009,A,G,3.52E-07,1.64E-01,438201,5.74E+00,9.43E-09,6.74E-01,5.34E-03,3.93E-03,28177,2,AST
19,rs12974537,1074315,T,C,3.21E-07,9.32E-02,438201,-6.35E+00,2.13E-10,5.91E-01,-5.26E-03,4.53E-03,193482,1,AST
1,rs12046182,220974174,T,C,1.29E-08,2.53E-01,438201,7.08E+00,1.41E-12,8.55E-01,8.19E-03,3.67E-03,197,4,AST
2,rs10647217,85453713,T,TCTC,7.10E-09,4.20E-01,438201,-6.95E+00,3.59E-12,9.27E-01,-1.00E-02,3.18E-03,1261,1,AST
2,2:28628595_TG_T,28628595,TG,T,1.64E-07,4.18E-01,438201,8.81E+00,1.26E-18,6.14E-01,7.63E-03,6.17E-03,60,2,AST
7,rs445,92408370,T,C,3.31E-08,1.51E-01,427222,7.88E+00,3.31E-15,1.00E+00,1.37E-02,1.56E-03,9,1,AST
9,rs10733608,117148430,T,G,2.46E-07,4.83E-01,438201,-1.53E+01,1.65E-52,9.36E-01,-2.49E-02,6.68E-03,49,1,AST
14,rs2239222,73011885,G,A,1.23E-07,3.49E-01,438201,-6.10E+00,1.09E-09,9.99E-01,-9.58E-03,1.58E-03,208,1,AST
14,rs7150765,106232168,G,T,1.52E-07,3.65E-01,438201,7.27E+00,3.52E-13,7.30E-01,7.84E-03,4.94E-03,221353,1,AST
14,14:51049308_GT_G,51049308,GT,G,7.10E-09,2.46E-01,388374,6.84E+00,7.92E-12,8.37E-01,8.54E-03,4.03E-03,99,3,AST
6,6:160560880_CATG_C,160560880,CATG,C,7.78E-08,1.87E-01,388374,6.57E+00,4.98E-11,7.32E-01,8.62E-03,5.38E-03,165,2,AST
3,rs9843173,57053190,C,A,1.07E-07,3.59E-01,438201,2.76E+00,5.75E-03,6.00E-01,4.34E-03,3.75E-03,1175208,0,AST
2,rs13395911,233520254,T,A,7.10E-09,4.34E-01,438201,1.08E+01,5.20E-27,9.89E-01,2.31E-02,2.92E-03,310,1,AST
22,rs738409,44324727,G,C,4.16E-07,2.38E-01,431479,4.06E+01,0.00E+00,1.00E+00,6.21E-02,1.56E-03,16,1,AST
10,rs41277356,18291222,G,A,7.10E-09,2.53E-02,388374,-1.64E+01,2.79E-60,1.00E+00,-2.42E-02,1.54E-03,205,6,AST
2,rs11887534,44066247,C,G,5.83E-07,6.39E-02,438201,5.47E+00,4.63E-08,5.50E-01,4.17E-03,3.95E-03,6147,2,AST
16,rs11076256,58752466,T,C,7.10E-07,8.45E-02,438201,-1.78E+01,8.60E-71,9.72E-01,-3.18E-02,5.62E-03,4,1,AST
17,rs58869566,76316918,G,A,2.47E-08,3.34E-01,438201,6.18E+00,6.34E-10,7.37E-01,7.51E-03,4.68E-03,18044,5,AST
5,rs142563098,74633014,C,T,1.52E-07,1.57E-02,388374,4.41E+00,1.02E-05,6.26E-01,4.10E-03,3.41E-03,285713,0,AST
16,rs149988435,58752439,T,C,7.10E-09,1.30E-03,388374,-3.82E+00,1.32E-04,7.72E-01,-6.27E-03,3.68E-03,31,0,AST
6,rs3756772,116325142,T,C,5.51E-07,4.28E-01,427222,8.24E+00,1.75E-16,6.78E-01,9.23E-03,6.51E-03,9012,2,AST
12,rs837500,125077567,T,C,8.97E-08,3.82E-01,438201,5.67E+00,1.46E-08,6.37E-01,5.23E-03,4.14E-03,5952,0,AST
13,rs9604045,113927208,T,G,7.06E-08,2.43E-01,438201,7.54E+00,4.64E-14,1.00E+00,1.29E-02,1.56E-03,120123,1,AST
9,rs3816260,132565361,C,T,3.81E-07,1.29E-01,427222,-5.39E+00,7.16E-08,6.02E-01,-5.37E-03,4.53E-03,988,3,AST
19,rs3760994,1435771,A,G,1.39E-07,4.74E-01,438201,4.24E+00,2.25E-05,6.84E-01,4.73E-03,3.47E-03,31342,0,AST
19,rs60570301,18597196,A,G,1.39E-07,1.20E-01,438201,-5.26E+00,1.46E-07,6.82E-01,-6.36E-03,4.53E-03,7271,5,AST
9,rs10988832,102226266,A,G,7.10E-09,3.83E-01,438201,4.18E+00,2.89E-05,8.35E-01,8.64E-03,4.10E-03,1114028,2,AST
6,rs6457828,35502578,C,G,1.06E-07,4.21E-01,399353,4.32E+00,1.57E-05,5.20E-01,3.73E-03,3.76E-03,132886,0,AST
1,rs79412885,9241839,A,G,7.10E-09,7.43E-02,388374,-1.00E+01,1.52E-23,1.00E+00,-1.71E-02,1.56E-03,68,1,AST
14,rs28707162,55179243,A,G,1.18E-07,1.57E-01,438201,-3.76E+00,1.71E-04,8.16E-01,-5.69E-03,3.05E-03,82631,0,AST
22,rs11704551,29777504,T,C,1.53E-07,2.56E-01,438201,-9.17E+00,4.88E-20,6.77E-01,-8.31E-03,5.88E-03,20437,3,AST
10,rs181591571,100880065,C,T,7.10E-09,1.40E-03,388374,-8.41E-01,4.00E-01,1.00E+00,5.46E-02,1.79E-03,7005,6,AST
12,rs10849448,6493351,G,A,4.65E-07,2.39E-01,438201,-6.88E+00,6.20E-12,9.82E-01,-1.05E-02,2.10E-03,105,1,AST
8,rs7833103,8206753,G,A,2.81E-08,4.73E-01,427222,1.16E+01,5.78E-31,9.26E-01,1.26E-02,3.88E-03,53,2,AST
1,rs657801,111736389,T,C,3.67E-07,3.16E-01,427222,-5.73E+00,1.02E-08,5.96E-01,-5.41E-03,4.61E-03,1235539,3,AST
4,rs2970869,23893369,C,T,7.99E-08,2.45E-01,438201,6.50E+00,8.03E-11,5.08E-01,4.95E-03,5.00E-03,1496,3,AST
5,5:69362949_A_G,69362949,G,A,1.09E-07,1.77E-01,388374,-4.00E+00,6.33E-05,6.60E-01,-4.64E-03,3.57E-03,106061,0,AST
15,rs17478047,49716478,T,C,9.56E-08,4.56E-02,388374,6.04E+00,1.56E-09,9.44E-01,7.98E-03,2.47E-03,372,1,AST
5,rs36009281,70798541,G,A,3.59E-07,8.97E-02,388374,7.16E+00,8.19E-13,8.32E-01,7.24E-03,3.57E-03,59848,2,AST
19,rs149354459,45811692,G,C,1.39E-07,3.10E-03,388374,5.87E+00,4.33E-09,9.90E-01,8.03E-03,1.75E-03,253,1,AST
10,rs5786398,81143387,C,CT,4.93E-07,3.77E-01,388374,6.09E+00,1.12E-09,1.00E+00,1.13E-02,1.56E-03,76,1,AST
10,rs56278466,17875857,G,T,7.10E-09,3.38E-01,388374,6.17E+01,0.00E+00,1.00E+00,5.97E-02,1.54E-03,180,1,AST
9,rs543444682,118640663,C,T,7.10E-09,1.80E-03,388374,4.96E+00,7.04E-07,8.30E-01,6.72E-03,3.36E-03,1449411,0,AST
9,rs143378550,133069741,A,C,1.80E-08,2.45E-02,388374,-7.41E+00,1.22E-13,1.00E+00,-1.33E-02,1.58E-03,134,1,AST
11,rs118140982,92768590,A,C,1.32E-08,1.13E-02,388374,-3.71E+00,2.11E-04,5.62E-01,-4.31E-03,3.98E-03,595902,0,AST
2,rs557462,169777595,T,C,1.14E-07,3.36E-01,438201,-8.64E+00,5.80E-18,6.09E-01,-6.93E-03,5.69E-03,1082,2,AST
19,rs150420714,50017538,C,G,2.67E-07,8.80E-03,388374,-5.53E+00,3.28E-08,9.95E-01,-8.59E-03,1.67E-03,10648,1,AST
15,rs17845226,60653205,A,C,3.55E-07,1.35E-01,388374,5.00E+00,5.73E-07,9.84E-01,9.15E-03,1.93E-03,230139,1,AST
12,rs2137537,71113087,C,T,5.64E-08,4.55E-01,438201,-1.28E+01,1.64E-37,8.75E-01,-1.75E-02,6.78E-03,53,2,AST
4,rs28657030,88201552,G,C,1.50E-07,2.89E-01,438201,-1.56E+01,4.14E-55,6.06E-01,-1.59E-02,1.29E-02,377,1,AST
1,rs2642438,220970028,G,A,2.03E-07,2.86E-01,438201,6.78E+00,1.18E-11,8.43E-01,7.22E-03,3.42E-03,32,3,AST
19,19:6722817_TTTTTG_T,6722817,TTTTTG,T,3.44E-07,2.25E-01,388374,-6.15E+00,7.56E-10,6.62E-01,-6.29E-03,4.67E-03,54,3,AST
1,rs6678642,59680246,G,T,3.67E-07,3.28E-01,438201,-8.09E+00,5.92E-16,7.59E-01,-9.31E-03,5.43E-03,4461,2,AST
16,rs75303800,88589963,C,A,1.01E-07,1.06E-01,438201,7.24E+00,4.41E-13,6.60E-01,6.10E-03,4.56E-03,93,2,AST
1,rs3015311,59362218,G,C,3.67E-07,4.78E-01,438201,-5.45E+00,5.04E-08,6.76E-01,-5.36E-03,3.94E-03,313567,3,AST
17,17:7463644_TCAA_T,7463644,TCAA,T,2.46E-07,9.91E-02,438201,7.58E+00,3.48E-14,9.94E-01,9.54E-03,1.72E-03,14280,2,AST
17,rs144632265,78896587,A,G,1.34E-07,6.30E-03,388374,-5.07E+00,3.91E-07,9.89E-01,-8.10E-03,1.77E-03,532834,1,AST
4,rs115259154,23948408,C,T,1.00E-07,3.26E-02,388374,-4.28E+00,1.88E-05,7.22E-01,-5.81E-03,3.84E-03,22382,5,AST
14,rs72683923,50735947,C,T,7.10E-09,1.99E-02,388374,-1.34E+01,3.43E-41,9.95E-01,-2.04E-02,2.07E-03,65,1,AST
3,rs113177823,132217703,A,G,1.26E-08,5.50E-02,388374,-8.13E+00,4.38E-16,6.11E-01,-8.48E-03,6.87E-03,38,1,AST
18,rs4940691,56095378,G,T,5.33E-08,1.98E-01,438201,-1.24E+01,2.61E-35,7.68E-01,-1.61E-02,8.95E-03,11322,2,AST
3,rs4681516,149212125,C,G,5.15E-08,4.37E-01,438201,-6.35E+00,2.15E-10,6.04E-01,-4.88E-03,4.13E-03,47,1,AST
1,rs11264274,154811127,T,G,3.58E-08,2.94E-01,438201,-4.35E+00,1.38E-05,9.39E-01,-7.70E-03,2.48E-03,319424,0,AST
19,rs34536443,10463118,C,G,3.21E-07,4.65E-02,388374,-6.53E+00,6.60E-11,9.28E-01,-9.30E-03,3.00E-03,130411,2,AST
1,rs200688856,161599779,C,G,1.10E-07,3.40E-01,388374,6.43E+00,1.24E-10,9.83E-01,2.03E-02,3.07E-03,24550,1,AST
17,rs139937261,17585130,C,CG,4.32E-07,4.97E-01,438201,5.00E+00,5.73E-07,6.32E-01,6.46E-03,5.10E-03,624013,2,AST
4,rs16874363,23931209,G,T,1.62E-07,2.87E-01,438201,-6.68E+00,2.36E-11,9.71E-01,-1.05E-02,2.37E-03,5183,1,AST
19,rs187429064,19380513,G,A,3.52E-08,1.33E-02,388374,8.49E+00,2.08E-17,8.39E-01,1.16E-02,5.29E-03,10180,3,AST
10,rs35160301,17877539,A,C,7.10E-09,1.14E-01,388374,-1.77E+01,2.25E-70,1.00E+00,-4.20E-02,1.54E-03,95,3,AST
10,rs527506472,101111609,G,A,7.10E-09,1.80E-03,388374,-2.24E+01,7.89E-111,1.00E+00,-1.01E-01,2.83E-03,1772,4,AST
13,rs6602909,114551993,C,T,3.63E-08,3.26E-01,388374,8.09E+00,6.12E-16,8.36E-01,1.01E-02,4.68E-03,471064,2,AST
4,rs61740705,169343044,G,A,5.83E-07,1.98E-01,438201,5.93E+00,3.11E-09,9.12E-01,8.57E-03,3.07E-03,7,1,AST
19,rs11670056,18589943,T,C,3.21E-07,7.51E-02,388374,-6.22E+00,4.99E-10,9.95E-01,-1.02E-02,1.72E-03,18,2,AST
